begin_score,eind_score
5203.571428571429,6471.0
5203.571428571429,6616.142857142857
