begin_score,eind_score
5203.571428571429,5203.571428571429
5203.571428571429,5633.714285714286
