begin_score,eind_score
3924.0,4280.142857142857
4646.285714285714,5037.428571428571
