begin_score,eind_score
4646.285714285714,5034.428571428571
4614.285714285714,5417.571428571429
