begin_score,eind_score
3286.7142857142853,3286.7142857142853
4688.285714285714,4688.285714285714
