begin_score,eind_score
3533.857142857143,4194.142857142857
4697.285714285714,4697.285714285714
