begin_score,eind_score
5014.428571428571,6473.0
3930.0,6737.142857142857
