begin_score,eind_score
5314.571428571429,7039.285714285714
4085.0,6795.142857142857
