iteratie,mean,max,min,single_runtime,tot_runtime
2000,7865.737142857146,7907.571428571429,7532.428571428571,0.1516711711883545,23.527245044708252
