iteratie,mean,max,min
10,6045.902857142857,7154.285714285714,5054.428571428571
100,7270.417142857142,7863.571428571429,6489.0
200,7557.391428571428,7869.571428571429,7117.285714285714
