iteratie,mean,max,min,single_runtime,tot_runtime
2000,7854.366666666667,7907.571428571429,7499.428571428571,0.1504979133605957,26.302249670028687
