iteratie,mean,max,min,single_runtime,tot_runtime
2000,7851.144761904764,7907.571428571429,7522.428571428571,0.1803579330444336,30.539302587509155
